Element,Slope,Intercept,R_squared,P_value,Std_error
Co,1.0635265667384828,-0.04691390115861083,0.9724220734637039,0.0,0.0030541168986443026
Cu,1.0069253420431903,1.5743569272018263,0.9589444926665305,0.0,0.003552795092282597
Fe,9761.69153662215,363.0552824844235,0.9668157024930913,0.0,30.839225220703014
Hg,1.1760172462202816,4.658894997104468,0.8567609627103043,0.0,0.008199709461998772
Mn,0.23869601408791075,358.1081217275545,0.39880906894369905,0.0,0.004997499697596974
Ni,1.1761825072069905,2.2500307517810967,0.9740801092408805,0.0,0.0032717331470891457
U,1.036882376333899,-0.20103464527579673,0.9666734194411263,0.0,0.003282984968868473
Zn,0.973102701570619,5.915755619212291,0.951672924074324,0.0,0.003739331714273808
